{"v":"5.5.7","meta":{"g":"LottieFiles AE 0.1.20","a":"","k":"","d":"","tc":""},"fr":29.9700012207031,"ip":0,"op":78.0000031770051,"w":1920,"h":1080,"nm":"Comp 1","ddd":0,"assets":[{"id":"comp_0","layers":[{"ddd":0,"ind":1,"ty":4,"nm":"Shape Layer 5","sr":1,"ks":{"o":{"a":0,"k":100,"ix":11},"r":{"a":0,"k":0,"ix":10},"p":{"a":0,"k":[1173,535,0],"ix":2},"a":{"a":0,"k":[-405,-5,0],"ix":1},"s":{"a":1,"k":[{"i":{"x":[0.78,0.78,0.78],"y":[1,1,1]},"o":{"x":[0.22,0.22,0.22],"y":[0,0,0]},"t":24,"s":[100,100,100]},{"i":{"x":[0.78,0.78,0.78],"y":[1,1,1]},"o":{"x":[0.22,0.22,0.22],"y":[0,0,0]},"t":49.348,"s":[20,20,100]},{"i":{"x":[0.78,0.78,0.78],"y":[1,1,1]},"o":{"x":[0.22,0.22,0.22],"y":[0,0,0]},"t":52.804,"s":[20,20,100]},{"t":77.0000031362743,"s":[100,100,100]}],"ix":6}},"ao":0,"ef":[{"ty":21,"nm":"Fill","np":9,"mn":"ADBE Fill","ix":1,"en":1,"ef":[{"ty":10,"nm":"Fill Mask","mn":"ADBE Fill-0001","ix":1,"v":{"a":0,"k":0,"ix":1}},{"ty":7,"nm":"All Masks","mn":"ADBE Fill-0007","ix":2,"v":{"a":0,"k":0,"ix":2}},{"ty":2,"nm":"Color","mn":"ADBE Fill-0002","ix":3,"v":{"a":1,"k":[{"i":{"x":[0.78],"y":[1]},"o":{"x":[0.22],"y":[0]},"t":24,"s":[0,0.439215689898,1,1]},{"i":{"x":[0.78],"y":[1]},"o":{"x":[0.22],"y":[0]},"t":49.348,"s":[1,0.68235296011,0,1]},{"i":{"x":[0.78],"y":[1]},"o":{"x":[0.22],"y":[0]},"t":52.804,"s":[1,0.68235296011,0,1]},{"t":77.0000031362743,"s":[0,0.439215689898,1,1]}],"ix":3}},{"ty":7,"nm":"Invert","mn":"ADBE Fill-0006","ix":4,"v":{"a":0,"k":0,"ix":4}},{"ty":0,"nm":"Horizontal Feather","mn":"ADBE Fill-0003","ix":5,"v":{"a":0,"k":0,"ix":5}},{"ty":0,"nm":"Vertical Feather","mn":"ADBE Fill-0004","ix":6,"v":{"a":0,"k":0,"ix":6}},{"ty":0,"nm":"Opacity","mn":"ADBE Fill-0005","ix":7,"v":{"a":0,"k":1,"ix":7}}]}],"shapes":[{"ty":"gr","it":[{"d":1,"ty":"el","s":{"a":0,"k":[78,78],"ix":2},"p":{"a":0,"k":[0,0],"ix":3},"nm":"Ellipse Path 1","mn":"ADBE Vector Shape - Ellipse","hd":false,"_render":true},{"ty":"fl","c":{"a":0,"k":[1,0.2353,0,1],"ix":4},"o":{"a":0,"k":100,"ix":5},"r":1,"bm":0,"nm":"Fill 1","mn":"ADBE Vector Graphic - Fill","hd":false,"_render":true},{"ty":"tr","p":{"a":0,"k":[-405,-5],"ix":2},"a":{"a":0,"k":[0,0],"ix":1},"s":{"a":0,"k":[100,100],"ix":3},"r":{"a":0,"k":0,"ix":6},"o":{"a":0,"k":100,"ix":7},"sk":{"a":0,"k":0,"ix":4},"sa":{"a":0,"k":0,"ix":5},"nm":"Transform","_render":true}],"nm":"Ellipse 1","np":3,"cix":2,"bm":0,"ix":1,"mn":"ADBE Vector Group","hd":false,"_render":true}],"ip":-1.00000004073083,"op":331.000013481906,"st":31.0000012626559,"bm":0,"completed":true},{"ddd":0,"ind":2,"ty":4,"nm":"Shape Layer 4","sr":1,"ks":{"o":{"a":0,"k":100,"ix":11},"r":{"a":0,"k":0,"ix":10},"p":{"a":0,"k":[1059,535,0],"ix":2},"a":{"a":0,"k":[-405,-5,0],"ix":1},"s":{"a":1,"k":[{"i":{"x":[0.78,0.78,0.78],"y":[1,1,1]},"o":{"x":[0.22,0.22,0.22],"y":[0,0,0]},"t":16,"s":[100,100,100]},{"i":{"x":[0.78,0.78,0.78],"y":[1,1,1]},"o":{"x":[0.22,0.22,0.22],"y":[0,0,0]},"t":38,"s":[20,20,100]},{"i":{"x":[0.78,0.78,0.78],"y":[1,1,1]},"o":{"x":[0.22,0.22,0.22],"y":[0,0,0]},"t":43,"s":[20,20,100]},{"t":63.0000025660426,"s":[100,100,100]}],"ix":6}},"ao":0,"ef":[{"ty":21,"nm":"Fill","np":9,"mn":"ADBE Fill","ix":1,"en":1,"ef":[{"ty":10,"nm":"Fill Mask","mn":"ADBE Fill-0001","ix":1,"v":{"a":0,"k":0,"ix":1}},{"ty":7,"nm":"All Masks","mn":"ADBE Fill-0007","ix":2,"v":{"a":0,"k":0,"ix":2}},{"ty":2,"nm":"Color","mn":"ADBE Fill-0002","ix":3,"v":{"a":1,"k":[{"i":{"x":[0.78],"y":[1]},"o":{"x":[0.22],"y":[0]},"t":16,"s":[0,0.439215689898,1,1]},{"i":{"x":[0.78],"y":[1]},"o":{"x":[0.22],"y":[0]},"t":38,"s":[1,0.68235296011,0,1]},{"i":{"x":[0.78],"y":[1]},"o":{"x":[0.22],"y":[0]},"t":43,"s":[1,0.68235296011,0,1]},{"t":63.0000025660426,"s":[0,0.439215689898,1,1]}],"ix":3}},{"ty":7,"nm":"Invert","mn":"ADBE Fill-0006","ix":4,"v":{"a":0,"k":0,"ix":4}},{"ty":0,"nm":"Horizontal Feather","mn":"ADBE Fill-0003","ix":5,"v":{"a":0,"k":0,"ix":5}},{"ty":0,"nm":"Vertical Feather","mn":"ADBE Fill-0004","ix":6,"v":{"a":0,"k":0,"ix":6}},{"ty":0,"nm":"Opacity","mn":"ADBE Fill-0005","ix":7,"v":{"a":0,"k":1,"ix":7}}]}],"shapes":[{"ty":"gr","it":[{"d":1,"ty":"el","s":{"a":0,"k":[78,78],"ix":2},"p":{"a":0,"k":[0,0],"ix":3},"nm":"Ellipse Path 1","mn":"ADBE Vector Shape - Ellipse","hd":false,"_render":true},{"ty":"fl","c":{"a":0,"k":[1,0.2353,0,1],"ix":4},"o":{"a":0,"k":100,"ix":5},"r":1,"bm":0,"nm":"Fill 1","mn":"ADBE Vector Graphic - Fill","hd":false,"_render":true},{"ty":"tr","p":{"a":0,"k":[-405,-5],"ix":2},"a":{"a":0,"k":[0,0],"ix":1},"s":{"a":0,"k":[100,100],"ix":3},"r":{"a":0,"k":0,"ix":6},"o":{"a":0,"k":100,"ix":7},"sk":{"a":0,"k":0,"ix":4},"sa":{"a":0,"k":0,"ix":5},"nm":"Transform","_render":true}],"nm":"Ellipse 1","np":3,"cix":2,"bm":0,"ix":1,"mn":"ADBE Vector Group","hd":false,"_render":true}],"ip":0,"op":316.000012870944,"st":16.0000006516934,"bm":0,"completed":true},{"ddd":0,"ind":3,"ty":4,"nm":"Shape Layer 3","sr":1,"ks":{"o":{"a":0,"k":100,"ix":11},"r":{"a":0,"k":0,"ix":10},"p":{"a":0,"k":[946,535,0],"ix":2},"a":{"a":0,"k":[-405,-5,0],"ix":1},"s":{"a":1,"k":[{"i":{"x":[0.78,0.78,0.78],"y":[1,1,1]},"o":{"x":[0.22,0.22,0.22],"y":[0,0,0]},"t":11,"s":[100,100,100]},{"i":{"x":[0.78,0.78,0.78],"y":[1,1,1]},"o":{"x":[0.22,0.22,0.22],"y":[0,0,0]},"t":35,"s":[20,20,100]},{"i":{"x":[0.78,0.78,0.78],"y":[1,1,1]},"o":{"x":[0.22,0.22,0.22],"y":[0,0,0]},"t":39,"s":[20,20,100]},{"t":56.0000022809268,"s":[100,100,100]}],"ix":6}},"ao":0,"ef":[{"ty":21,"nm":"Fill","np":9,"mn":"ADBE Fill","ix":1,"en":1,"ef":[{"ty":10,"nm":"Fill Mask","mn":"ADBE Fill-0001","ix":1,"v":{"a":0,"k":0,"ix":1}},{"ty":7,"nm":"All Masks","mn":"ADBE Fill-0007","ix":2,"v":{"a":0,"k":0,"ix":2}},{"ty":2,"nm":"Color","mn":"ADBE Fill-0002","ix":3,"v":{"a":1,"k":[{"i":{"x":[0.78],"y":[1]},"o":{"x":[0.22],"y":[0]},"t":11,"s":[0,0.439215689898,1,1]},{"i":{"x":[0.78],"y":[1]},"o":{"x":[0.22],"y":[0]},"t":35,"s":[1,0.68235296011,0,1]},{"i":{"x":[0.78],"y":[1]},"o":{"x":[0.22],"y":[0]},"t":39,"s":[1,0.68235296011,0,1]},{"t":56.0000022809268,"s":[0,0.439215689898,1,1]}],"ix":3}},{"ty":7,"nm":"Invert","mn":"ADBE Fill-0006","ix":4,"v":{"a":0,"k":0,"ix":4}},{"ty":0,"nm":"Horizontal Feather","mn":"ADBE Fill-0003","ix":5,"v":{"a":0,"k":0,"ix":5}},{"ty":0,"nm":"Vertical Feather","mn":"ADBE Fill-0004","ix":6,"v":{"a":0,"k":0,"ix":6}},{"ty":0,"nm":"Opacity","mn":"ADBE Fill-0005","ix":7,"v":{"a":0,"k":1,"ix":7}}]}],"shapes":[{"ty":"gr","it":[{"d":1,"ty":"el","s":{"a":0,"k":[78,78],"ix":2},"p":{"a":0,"k":[0,0],"ix":3},"nm":"Ellipse Path 1","mn":"ADBE Vector Shape - Ellipse","hd":false,"_render":true},{"ty":"fl","c":{"a":0,"k":[1,0.2353,0,1],"ix":4},"o":{"a":0,"k":100,"ix":5},"r":1,"bm":0,"nm":"Fill 1","mn":"ADBE Vector Graphic - Fill","hd":false,"_render":true},{"ty":"tr","p":{"a":0,"k":[-405,-5],"ix":2},"a":{"a":0,"k":[0,0],"ix":1},"s":{"a":0,"k":[100,100],"ix":3},"r":{"a":0,"k":0,"ix":6},"o":{"a":0,"k":100,"ix":7},"sk":{"a":0,"k":0,"ix":4},"sa":{"a":0,"k":0,"ix":5},"nm":"Transform","_render":true}],"nm":"Ellipse 1","np":3,"cix":2,"bm":0,"ix":1,"mn":"ADBE Vector Group","hd":false,"_render":true}],"ip":0,"op":311.00001266729,"st":11.0000004480392,"bm":0,"completed":true},{"ddd":0,"ind":4,"ty":4,"nm":"Shape Layer 2","sr":1,"ks":{"o":{"a":0,"k":100,"ix":11},"r":{"a":0,"k":0,"ix":10},"p":{"a":0,"k":[831,535,0],"ix":2},"a":{"a":0,"k":[-405,-5,0],"ix":1},"s":{"a":1,"k":[{"i":{"x":[0.78,0.78,0.78],"y":[1,1,1]},"o":{"x":[0.22,0.22,0.22],"y":[0,0,0]},"t":5,"s":[100,100,100]},{"i":{"x":[0.78,0.78,0.78],"y":[1,1,1]},"o":{"x":[0.22,0.22,0.22],"y":[0,0,0]},"t":30,"s":[20,20,100]},{"i":{"x":[0.78,0.78,0.78],"y":[1,1,1]},"o":{"x":[0.22,0.22,0.22],"y":[0,0,0]},"t":33,"s":[20,20,100]},{"t":50.0000020365418,"s":[100,100,100]}],"ix":6}},"ao":0,"ef":[{"ty":21,"nm":"Fill","np":9,"mn":"ADBE Fill","ix":1,"en":1,"ef":[{"ty":10,"nm":"Fill Mask","mn":"ADBE Fill-0001","ix":1,"v":{"a":0,"k":0,"ix":1}},{"ty":7,"nm":"All Masks","mn":"ADBE Fill-0007","ix":2,"v":{"a":0,"k":0,"ix":2}},{"ty":2,"nm":"Color","mn":"ADBE Fill-0002","ix":3,"v":{"a":1,"k":[{"i":{"x":[0.78],"y":[1]},"o":{"x":[0.22],"y":[0]},"t":5,"s":[0,0.439215689898,1,1]},{"i":{"x":[0.78],"y":[1]},"o":{"x":[0.22],"y":[0]},"t":30,"s":[1,0.68235296011,0,1]},{"i":{"x":[0.78],"y":[1]},"o":{"x":[0.22],"y":[0]},"t":33,"s":[1,0.68235296011,0,1]},{"t":50.0000020365418,"s":[0,0.439215689898,1,1]}],"ix":3}},{"ty":7,"nm":"Invert","mn":"ADBE Fill-0006","ix":4,"v":{"a":0,"k":0,"ix":4}},{"ty":0,"nm":"Horizontal Feather","mn":"ADBE Fill-0003","ix":5,"v":{"a":0,"k":0,"ix":5}},{"ty":0,"nm":"Vertical Feather","mn":"ADBE Fill-0004","ix":6,"v":{"a":0,"k":0,"ix":6}},{"ty":0,"nm":"Opacity","mn":"ADBE Fill-0005","ix":7,"v":{"a":0,"k":1,"ix":7}}]}],"shapes":[{"ty":"gr","it":[{"d":1,"ty":"el","s":{"a":0,"k":[78,78],"ix":2},"p":{"a":0,"k":[0,0],"ix":3},"nm":"Ellipse Path 1","mn":"ADBE Vector Shape - Ellipse","hd":false,"_render":true},{"ty":"fl","c":{"a":0,"k":[1,0.2353,0,1],"ix":4},"o":{"a":0,"k":100,"ix":5},"r":1,"bm":0,"nm":"Fill 1","mn":"ADBE Vector Graphic - Fill","hd":false,"_render":true},{"ty":"tr","p":{"a":0,"k":[-405,-5],"ix":2},"a":{"a":0,"k":[0,0],"ix":1},"s":{"a":0,"k":[100,100],"ix":3},"r":{"a":0,"k":0,"ix":6},"o":{"a":0,"k":100,"ix":7},"sk":{"a":0,"k":0,"ix":4},"sa":{"a":0,"k":0,"ix":5},"nm":"Transform","_render":true}],"nm":"Ellipse 1","np":3,"cix":2,"bm":0,"ix":1,"mn":"ADBE Vector Group","hd":false,"_render":true}],"ip":0,"op":305.000012422905,"st":5.00000020365417,"bm":0,"completed":true},{"ddd":0,"ind":5,"ty":4,"nm":"Shape Layer 1","sr":1,"ks":{"o":{"a":0,"k":100,"ix":11},"r":{"a":0,"k":0,"ix":10},"p":{"a":0,"k":[715,535,0],"ix":2},"a":{"a":0,"k":[-405,-5,0],"ix":1},"s":{"a":1,"k":[{"i":{"x":[0.78,0.78,0.78],"y":[1,1,1]},"o":{"x":[0.22,0.22,0.22],"y":[0,0,0]},"t":0,"s":[100,100,100]},{"i":{"x":[0.78,0.78,0.78],"y":[1,1,1]},"o":{"x":[0.22,0.22,0.22],"y":[0,0,0]},"t":22,"s":[20,20,100]},{"i":{"x":[0.78,0.78,0.78],"y":[1,1,1]},"o":{"x":[0.22,0.22,0.22],"y":[0,0,0]},"t":25,"s":[20,20,100]},{"t":45.0000018328876,"s":[100,100,100]}],"ix":6}},"ao":0,"ef":[{"ty":21,"nm":"Fill","np":9,"mn":"ADBE Fill","ix":1,"en":1,"ef":[{"ty":10,"nm":"Fill Mask","mn":"ADBE Fill-0001","ix":1,"v":{"a":0,"k":0,"ix":1}},{"ty":7,"nm":"All Masks","mn":"ADBE Fill-0007","ix":2,"v":{"a":0,"k":0,"ix":2}},{"ty":2,"nm":"Color","mn":"ADBE Fill-0002","ix":3,"v":{"a":1,"k":[{"i":{"x":[0.78],"y":[1]},"o":{"x":[0.22],"y":[0]},"t":0,"s":[0,0.437647253275,1,1]},{"i":{"x":[0.78],"y":[1]},"o":{"x":[0.22],"y":[0]},"t":22,"s":[1,0.68235296011,0,1]},{"i":{"x":[0.78],"y":[1]},"o":{"x":[0.22],"y":[0]},"t":25,"s":[1,0.68235296011,0,1]},{"t":45.0000018328876,"s":[0,0.439215689898,1,1]}],"ix":3}},{"ty":7,"nm":"Invert","mn":"ADBE Fill-0006","ix":4,"v":{"a":0,"k":0,"ix":4}},{"ty":0,"nm":"Horizontal Feather","mn":"ADBE Fill-0003","ix":5,"v":{"a":0,"k":0,"ix":5}},{"ty":0,"nm":"Vertical Feather","mn":"ADBE Fill-0004","ix":6,"v":{"a":0,"k":0,"ix":6}},{"ty":0,"nm":"Opacity","mn":"ADBE Fill-0005","ix":7,"v":{"a":0,"k":1,"ix":7}}]}],"shapes":[{"ty":"gr","it":[{"d":1,"ty":"el","s":{"a":0,"k":[78,78],"ix":2},"p":{"a":0,"k":[0,0],"ix":3},"nm":"Ellipse Path 1","mn":"ADBE Vector Shape - Ellipse","hd":false,"_render":true},{"ty":"fl","c":{"a":0,"k":[1,0.2353,0,1],"ix":4},"o":{"a":0,"k":100,"ix":5},"r":1,"bm":0,"nm":"Fill 1","mn":"ADBE Vector Graphic - Fill","hd":false,"_render":true},{"ty":"tr","p":{"a":0,"k":[-405,-5],"ix":2},"a":{"a":0,"k":[0,0],"ix":1},"s":{"a":0,"k":[100,100],"ix":3},"r":{"a":0,"k":0,"ix":6},"o":{"a":0,"k":100,"ix":7},"sk":{"a":0,"k":0,"ix":4},"sa":{"a":0,"k":0,"ix":5},"nm":"Transform","_render":true}],"nm":"Ellipse 1","np":3,"cix":2,"bm":0,"ix":1,"mn":"ADBE Vector Group","hd":false,"_render":true}],"ip":0,"op":300.00001221925,"st":0,"bm":0,"completed":true}]}],"layers":[{"ddd":0,"ind":1,"ty":0,"nm":"Main","refId":"comp_0","sr":1,"ks":{"o":{"a":0,"k":100,"ix":11},"r":{"a":0,"k":0,"ix":10},"p":{"a":0,"k":[960,540,0],"ix":2},"a":{"a":0,"k":[960,540,0],"ix":1},"s":{"a":1,"k":[{"i":{"x":[0.34,0.34,0.34],"y":[1,1,1]},"o":{"x":[0.66,0.66,0.66],"y":[0,0,0]},"t":0,"s":[100,100,100]},{"i":{"x":[0.34,0.34,0.34],"y":[1,1,1]},"o":{"x":[0.66,0.66,0.66],"y":[0,0,0]},"t":38,"s":[130,130,100]},{"t":77.0000031362743,"s":[100,100,100]}],"ix":6}},"ao":0,"w":1920,"h":1080,"ip":0,"op":300.00001221925,"st":0,"bm":0,"completed":true,"layers":[{"ddd":0,"ind":1,"ty":4,"nm":"Shape Layer 5","sr":1,"ks":{"o":{"a":0,"k":100,"ix":11},"r":{"a":0,"k":0,"ix":10},"p":{"a":0,"k":[1173,535,0],"ix":2},"a":{"a":0,"k":[-405,-5,0],"ix":1},"s":{"a":1,"k":[{"i":{"x":[0.78,0.78,0.78],"y":[1,1,1]},"o":{"x":[0.22,0.22,0.22],"y":[0,0,0]},"t":24,"s":[100,100,100]},{"i":{"x":[0.78,0.78,0.78],"y":[1,1,1]},"o":{"x":[0.22,0.22,0.22],"y":[0,0,0]},"t":49.348,"s":[20,20,100]},{"i":{"x":[0.78,0.78,0.78],"y":[1,1,1]},"o":{"x":[0.22,0.22,0.22],"y":[0,0,0]},"t":52.804,"s":[20,20,100]},{"t":77.0000031362743,"s":[100,100,100]}],"ix":6}},"ao":0,"ef":[{"ty":21,"nm":"Fill","np":9,"mn":"ADBE Fill","ix":1,"en":1,"ef":[{"ty":10,"nm":"Fill Mask","mn":"ADBE Fill-0001","ix":1,"v":{"a":0,"k":0,"ix":1}},{"ty":7,"nm":"All Masks","mn":"ADBE Fill-0007","ix":2,"v":{"a":0,"k":0,"ix":2}},{"ty":2,"nm":"Color","mn":"ADBE Fill-0002","ix":3,"v":{"a":1,"k":[{"i":{"x":[0.78],"y":[1]},"o":{"x":[0.22],"y":[0]},"t":24,"s":[0,0.439215689898,1,1]},{"i":{"x":[0.78],"y":[1]},"o":{"x":[0.22],"y":[0]},"t":49.348,"s":[1,0.68235296011,0,1]},{"i":{"x":[0.78],"y":[1]},"o":{"x":[0.22],"y":[0]},"t":52.804,"s":[1,0.68235296011,0,1]},{"t":77.0000031362743,"s":[0,0.439215689898,1,1]}],"ix":3}},{"ty":7,"nm":"Invert","mn":"ADBE Fill-0006","ix":4,"v":{"a":0,"k":0,"ix":4}},{"ty":0,"nm":"Horizontal Feather","mn":"ADBE Fill-0003","ix":5,"v":{"a":0,"k":0,"ix":5}},{"ty":0,"nm":"Vertical Feather","mn":"ADBE Fill-0004","ix":6,"v":{"a":0,"k":0,"ix":6}},{"ty":0,"nm":"Opacity","mn":"ADBE Fill-0005","ix":7,"v":{"a":0,"k":1,"ix":7}}]}],"shapes":[{"ty":"gr","it":[{"d":1,"ty":"el","s":{"a":0,"k":[78,78],"ix":2},"p":{"a":0,"k":[0,0],"ix":3},"nm":"Ellipse Path 1","mn":"ADBE Vector Shape - Ellipse","hd":false,"_render":true},{"ty":"fl","c":{"a":0,"k":[1,0.2353,0,1],"ix":4},"o":{"a":0,"k":100,"ix":5},"r":1,"bm":0,"nm":"Fill 1","mn":"ADBE Vector Graphic - Fill","hd":false,"_render":true},{"ty":"tr","p":{"a":0,"k":[-405,-5],"ix":2},"a":{"a":0,"k":[0,0],"ix":1},"s":{"a":0,"k":[100,100],"ix":3},"r":{"a":0,"k":0,"ix":6},"o":{"a":0,"k":100,"ix":7},"sk":{"a":0,"k":0,"ix":4},"sa":{"a":0,"k":0,"ix":5},"nm":"Transform","_render":true}],"nm":"Ellipse 1","np":3,"cix":2,"bm":0,"ix":1,"mn":"ADBE Vector Group","hd":false,"_render":true}],"ip":-1.00000004073083,"op":331.000013481906,"st":31.0000012626559,"bm":0,"completed":true},{"ddd":0,"ind":2,"ty":4,"nm":"Shape Layer 4","sr":1,"ks":{"o":{"a":0,"k":100,"ix":11},"r":{"a":0,"k":0,"ix":10},"p":{"a":0,"k":[1059,535,0],"ix":2},"a":{"a":0,"k":[-405,-5,0],"ix":1},"s":{"a":1,"k":[{"i":{"x":[0.78,0.78,0.78],"y":[1,1,1]},"o":{"x":[0.22,0.22,0.22],"y":[0,0,0]},"t":16,"s":[100,100,100]},{"i":{"x":[0.78,0.78,0.78],"y":[1,1,1]},"o":{"x":[0.22,0.22,0.22],"y":[0,0,0]},"t":38,"s":[20,20,100]},{"i":{"x":[0.78,0.78,0.78],"y":[1,1,1]},"o":{"x":[0.22,0.22,0.22],"y":[0,0,0]},"t":43,"s":[20,20,100]},{"t":63.0000025660426,"s":[100,100,100]}],"ix":6}},"ao":0,"ef":[{"ty":21,"nm":"Fill","np":9,"mn":"ADBE Fill","ix":1,"en":1,"ef":[{"ty":10,"nm":"Fill Mask","mn":"ADBE Fill-0001","ix":1,"v":{"a":0,"k":0,"ix":1}},{"ty":7,"nm":"All Masks","mn":"ADBE Fill-0007","ix":2,"v":{"a":0,"k":0,"ix":2}},{"ty":2,"nm":"Color","mn":"ADBE Fill-0002","ix":3,"v":{"a":1,"k":[{"i":{"x":[0.78],"y":[1]},"o":{"x":[0.22],"y":[0]},"t":16,"s":[0,0.439215689898,1,1]},{"i":{"x":[0.78],"y":[1]},"o":{"x":[0.22],"y":[0]},"t":38,"s":[1,0.68235296011,0,1]},{"i":{"x":[0.78],"y":[1]},"o":{"x":[0.22],"y":[0]},"t":43,"s":[1,0.68235296011,0,1]},{"t":63.0000025660426,"s":[0,0.439215689898,1,1]}],"ix":3}},{"ty":7,"nm":"Invert","mn":"ADBE Fill-0006","ix":4,"v":{"a":0,"k":0,"ix":4}},{"ty":0,"nm":"Horizontal Feather","mn":"ADBE Fill-0003","ix":5,"v":{"a":0,"k":0,"ix":5}},{"ty":0,"nm":"Vertical Feather","mn":"ADBE Fill-0004","ix":6,"v":{"a":0,"k":0,"ix":6}},{"ty":0,"nm":"Opacity","mn":"ADBE Fill-0005","ix":7,"v":{"a":0,"k":1,"ix":7}}]}],"shapes":[{"ty":"gr","it":[{"d":1,"ty":"el","s":{"a":0,"k":[78,78],"ix":2},"p":{"a":0,"k":[0,0],"ix":3},"nm":"Ellipse Path 1","mn":"ADBE Vector Shape - Ellipse","hd":false,"_render":true},{"ty":"fl","c":{"a":0,"k":[1,0.2353,0,1],"ix":4},"o":{"a":0,"k":100,"ix":5},"r":1,"bm":0,"nm":"Fill 1","mn":"ADBE Vector Graphic - Fill","hd":false,"_render":true},{"ty":"tr","p":{"a":0,"k":[-405,-5],"ix":2},"a":{"a":0,"k":[0,0],"ix":1},"s":{"a":0,"k":[100,100],"ix":3},"r":{"a":0,"k":0,"ix":6},"o":{"a":0,"k":100,"ix":7},"sk":{"a":0,"k":0,"ix":4},"sa":{"a":0,"k":0,"ix":5},"nm":"Transform","_render":true}],"nm":"Ellipse 1","np":3,"cix":2,"bm":0,"ix":1,"mn":"ADBE Vector Group","hd":false,"_render":true}],"ip":0,"op":316.000012870944,"st":16.0000006516934,"bm":0,"completed":true},{"ddd":0,"ind":3,"ty":4,"nm":"Shape Layer 3","sr":1,"ks":{"o":{"a":0,"k":100,"ix":11},"r":{"a":0,"k":0,"ix":10},"p":{"a":0,"k":[946,535,0],"ix":2},"a":{"a":0,"k":[-405,-5,0],"ix":1},"s":{"a":1,"k":[{"i":{"x":[0.78,0.78,0.78],"y":[1,1,1]},"o":{"x":[0.22,0.22,0.22],"y":[0,0,0]},"t":11,"s":[100,100,100]},{"i":{"x":[0.78,0.78,0.78],"y":[1,1,1]},"o":{"x":[0.22,0.22,0.22],"y":[0,0,0]},"t":35,"s":[20,20,100]},{"i":{"x":[0.78,0.78,0.78],"y":[1,1,1]},"o":{"x":[0.22,0.22,0.22],"y":[0,0,0]},"t":39,"s":[20,20,100]},{"t":56.0000022809268,"s":[100,100,100]}],"ix":6}},"ao":0,"ef":[{"ty":21,"nm":"Fill","np":9,"mn":"ADBE Fill","ix":1,"en":1,"ef":[{"ty":10,"nm":"Fill Mask","mn":"ADBE Fill-0001","ix":1,"v":{"a":0,"k":0,"ix":1}},{"ty":7,"nm":"All Masks","mn":"ADBE Fill-0007","ix":2,"v":{"a":0,"k":0,"ix":2}},{"ty":2,"nm":"Color","mn":"ADBE Fill-0002","ix":3,"v":{"a":1,"k":[{"i":{"x":[0.78],"y":[1]},"o":{"x":[0.22],"y":[0]},"t":11,"s":[0,0.439215689898,1,1]},{"i":{"x":[0.78],"y":[1]},"o":{"x":[0.22],"y":[0]},"t":35,"s":[1,0.68235296011,0,1]},{"i":{"x":[0.78],"y":[1]},"o":{"x":[0.22],"y":[0]},"t":39,"s":[1,0.68235296011,0,1]},{"t":56.0000022809268,"s":[0,0.439215689898,1,1]}],"ix":3}},{"ty":7,"nm":"Invert","mn":"ADBE Fill-0006","ix":4,"v":{"a":0,"k":0,"ix":4}},{"ty":0,"nm":"Horizontal Feather","mn":"ADBE Fill-0003","ix":5,"v":{"a":0,"k":0,"ix":5}},{"ty":0,"nm":"Vertical Feather","mn":"ADBE Fill-0004","ix":6,"v":{"a":0,"k":0,"ix":6}},{"ty":0,"nm":"Opacity","mn":"ADBE Fill-0005","ix":7,"v":{"a":0,"k":1,"ix":7}}]}],"shapes":[{"ty":"gr","it":[{"d":1,"ty":"el","s":{"a":0,"k":[78,78],"ix":2},"p":{"a":0,"k":[0,0],"ix":3},"nm":"Ellipse Path 1","mn":"ADBE Vector Shape - Ellipse","hd":false,"_render":true},{"ty":"fl","c":{"a":0,"k":[1,0.2353,0,1],"ix":4},"o":{"a":0,"k":100,"ix":5},"r":1,"bm":0,"nm":"Fill 1","mn":"ADBE Vector Graphic - Fill","hd":false,"_render":true},{"ty":"tr","p":{"a":0,"k":[-405,-5],"ix":2},"a":{"a":0,"k":[0,0],"ix":1},"s":{"a":0,"k":[100,100],"ix":3},"r":{"a":0,"k":0,"ix":6},"o":{"a":0,"k":100,"ix":7},"sk":{"a":0,"k":0,"ix":4},"sa":{"a":0,"k":0,"ix":5},"nm":"Transform","_render":true}],"nm":"Ellipse 1","np":3,"cix":2,"bm":0,"ix":1,"mn":"ADBE Vector Group","hd":false,"_render":true}],"ip":0,"op":311.00001266729,"st":11.0000004480392,"bm":0,"completed":true},{"ddd":0,"ind":4,"ty":4,"nm":"Shape Layer 2","sr":1,"ks":{"o":{"a":0,"k":100,"ix":11},"r":{"a":0,"k":0,"ix":10},"p":{"a":0,"k":[831,535,0],"ix":2},"a":{"a":0,"k":[-405,-5,0],"ix":1},"s":{"a":1,"k":[{"i":{"x":[0.78,0.78,0.78],"y":[1,1,1]},"o":{"x":[0.22,0.22,0.22],"y":[0,0,0]},"t":5,"s":[100,100,100]},{"i":{"x":[0.78,0.78,0.78],"y":[1,1,1]},"o":{"x":[0.22,0.22,0.22],"y":[0,0,0]},"t":30,"s":[20,20,100]},{"i":{"x":[0.78,0.78,0.78],"y":[1,1,1]},"o":{"x":[0.22,0.22,0.22],"y":[0,0,0]},"t":33,"s":[20,20,100]},{"t":50.0000020365418,"s":[100,100,100]}],"ix":6}},"ao":0,"ef":[{"ty":21,"nm":"Fill","np":9,"mn":"ADBE Fill","ix":1,"en":1,"ef":[{"ty":10,"nm":"Fill Mask","mn":"ADBE Fill-0001","ix":1,"v":{"a":0,"k":0,"ix":1}},{"ty":7,"nm":"All Masks","mn":"ADBE Fill-0007","ix":2,"v":{"a":0,"k":0,"ix":2}},{"ty":2,"nm":"Color","mn":"ADBE Fill-0002","ix":3,"v":{"a":1,"k":[{"i":{"x":[0.78],"y":[1]},"o":{"x":[0.22],"y":[0]},"t":5,"s":[0,0.439215689898,1,1]},{"i":{"x":[0.78],"y":[1]},"o":{"x":[0.22],"y":[0]},"t":30,"s":[1,0.68235296011,0,1]},{"i":{"x":[0.78],"y":[1]},"o":{"x":[0.22],"y":[0]},"t":33,"s":[1,0.68235296011,0,1]},{"t":50.0000020365418,"s":[0,0.439215689898,1,1]}],"ix":3}},{"ty":7,"nm":"Invert","mn":"ADBE Fill-0006","ix":4,"v":{"a":0,"k":0,"ix":4}},{"ty":0,"nm":"Horizontal Feather","mn":"ADBE Fill-0003","ix":5,"v":{"a":0,"k":0,"ix":5}},{"ty":0,"nm":"Vertical Feather","mn":"ADBE Fill-0004","ix":6,"v":{"a":0,"k":0,"ix":6}},{"ty":0,"nm":"Opacity","mn":"ADBE Fill-0005","ix":7,"v":{"a":0,"k":1,"ix":7}}]}],"shapes":[{"ty":"gr","it":[{"d":1,"ty":"el","s":{"a":0,"k":[78,78],"ix":2},"p":{"a":0,"k":[0,0],"ix":3},"nm":"Ellipse Path 1","mn":"ADBE Vector Shape - Ellipse","hd":false,"_render":true},{"ty":"fl","c":{"a":0,"k":[1,0.2353,0,1],"ix":4},"o":{"a":0,"k":100,"ix":5},"r":1,"bm":0,"nm":"Fill 1","mn":"ADBE Vector Graphic - Fill","hd":false,"_render":true},{"ty":"tr","p":{"a":0,"k":[-405,-5],"ix":2},"a":{"a":0,"k":[0,0],"ix":1},"s":{"a":0,"k":[100,100],"ix":3},"r":{"a":0,"k":0,"ix":6},"o":{"a":0,"k":100,"ix":7},"sk":{"a":0,"k":0,"ix":4},"sa":{"a":0,"k":0,"ix":5},"nm":"Transform","_render":true}],"nm":"Ellipse 1","np":3,"cix":2,"bm":0,"ix":1,"mn":"ADBE Vector Group","hd":false,"_render":true}],"ip":0,"op":305.000012422905,"st":5.00000020365417,"bm":0,"completed":true},{"ddd":0,"ind":5,"ty":4,"nm":"Shape Layer 1","sr":1,"ks":{"o":{"a":0,"k":100,"ix":11},"r":{"a":0,"k":0,"ix":10},"p":{"a":0,"k":[715,535,0],"ix":2},"a":{"a":0,"k":[-405,-5,0],"ix":1},"s":{"a":1,"k":[{"i":{"x":[0.78,0.78,0.78],"y":[1,1,1]},"o":{"x":[0.22,0.22,0.22],"y":[0,0,0]},"t":0,"s":[100,100,100]},{"i":{"x":[0.78,0.78,0.78],"y":[1,1,1]},"o":{"x":[0.22,0.22,0.22],"y":[0,0,0]},"t":22,"s":[20,20,100]},{"i":{"x":[0.78,0.78,0.78],"y":[1,1,1]},"o":{"x":[0.22,0.22,0.22],"y":[0,0,0]},"t":25,"s":[20,20,100]},{"t":45.0000018328876,"s":[100,100,100]}],"ix":6}},"ao":0,"ef":[{"ty":21,"nm":"Fill","np":9,"mn":"ADBE Fill","ix":1,"en":1,"ef":[{"ty":10,"nm":"Fill Mask","mn":"ADBE Fill-0001","ix":1,"v":{"a":0,"k":0,"ix":1}},{"ty":7,"nm":"All Masks","mn":"ADBE Fill-0007","ix":2,"v":{"a":0,"k":0,"ix":2}},{"ty":2,"nm":"Color","mn":"ADBE Fill-0002","ix":3,"v":{"a":1,"k":[{"i":{"x":[0.78],"y":[1]},"o":{"x":[0.22],"y":[0]},"t":0,"s":[0,0.437647253275,1,1]},{"i":{"x":[0.78],"y":[1]},"o":{"x":[0.22],"y":[0]},"t":22,"s":[1,0.68235296011,0,1]},{"i":{"x":[0.78],"y":[1]},"o":{"x":[0.22],"y":[0]},"t":25,"s":[1,0.68235296011,0,1]},{"t":45.0000018328876,"s":[0,0.439215689898,1,1]}],"ix":3}},{"ty":7,"nm":"Invert","mn":"ADBE Fill-0006","ix":4,"v":{"a":0,"k":0,"ix":4}},{"ty":0,"nm":"Horizontal Feather","mn":"ADBE Fill-0003","ix":5,"v":{"a":0,"k":0,"ix":5}},{"ty":0,"nm":"Vertical Feather","mn":"ADBE Fill-0004","ix":6,"v":{"a":0,"k":0,"ix":6}},{"ty":0,"nm":"Opacity","mn":"ADBE Fill-0005","ix":7,"v":{"a":0,"k":1,"ix":7}}]}],"shapes":[{"ty":"gr","it":[{"d":1,"ty":"el","s":{"a":0,"k":[78,78],"ix":2},"p":{"a":0,"k":[0,0],"ix":3},"nm":"Ellipse Path 1","mn":"ADBE Vector Shape - Ellipse","hd":false,"_render":true},{"ty":"fl","c":{"a":0,"k":[1,0.2353,0,1],"ix":4},"o":{"a":0,"k":100,"ix":5},"r":1,"bm":0,"nm":"Fill 1","mn":"ADBE Vector Graphic - Fill","hd":false,"_render":true},{"ty":"tr","p":{"a":0,"k":[-405,-5],"ix":2},"a":{"a":0,"k":[0,0],"ix":1},"s":{"a":0,"k":[100,100],"ix":3},"r":{"a":0,"k":0,"ix":6},"o":{"a":0,"k":100,"ix":7},"sk":{"a":0,"k":0,"ix":4},"sa":{"a":0,"k":0,"ix":5},"nm":"Transform","_render":true}],"nm":"Ellipse 1","np":3,"cix":2,"bm":0,"ix":1,"mn":"ADBE Vector Group","hd":false,"_render":true}],"ip":0,"op":300.00001221925,"st":0,"bm":0,"completed":true}]}],"markers":[],"__complete":true}